1,Vania,Trondheim,94762
2,Phoebe,Izumiōtsu,12435
3,Tobias,Nogueira,60996
4,Clerkclaude,Shanxi,52636
5,Mayer,Shicong,33222
6,Sanson,Västerås,30546
7,Donielle,Houjiachuan,99569
8,Duane,Slobodskoy,77881
9,Cati,Obsharovka,31091
10,Quentin,Lidu,77417
11,Claire,Orléans,92171
12,Vere,Rača,46573
13,Hallsy,Gazojak,17140
14,Juline,Vidovci,23588
15,Sutherland,Nacka,16171
16,Ruth,Harrisburg,91767
17,Bernie,Stepnica,91409
18,Jessee,Strážnice,67361
19,Giffer,Kumo,94145
20,Staffard,Ilha de Moçambique,88346
21,Paulita,Stara Kornica,20927
22,Aksel,Koesan,82245
23,Kiah,Huangduobu,78045
24,Kendrick,Muye,65341
25,Leone,Corani,69554
26,Rory,Kapinango,73845
27,Adair,Gorey,72898
28,Remus,Jinchang,63997
29,Stefanie,Dongshangen,62626
30,Vicky,Trinity Ville,65812
31,Sonya,Sumbe,70863
32,Stu,Cipunglu,74816
33,Mark,La Trinidad,12792
34,Lyman,Guanzhou,50663
35,Nobie,Zdenci,94359
36,Brigid,Changliang,79926
37,Nikaniki,Aghavnatun,41037
38,Constantina,Shangqiu,84130
39,Thorny,Nakhon Pathom,18111
40,Ebba,Mengeš,64129
41,Harley,Surami,63917
42,Caroljean,Tungelsta,23101
43,Karolina,Lokuuy,40888
44,Roxanne,Banjar Ponggang,70392
45,Tamiko,Aykhal,42709
46,Lemuel,Kifrī,55160
47,Terrel,Třebíč,38432
48,Rosalyn,Oldřišov,64682
49,Cynthy,Kujang,62500
50,Aidan,Bal Chirāgh,95375
51,Mendie,Duanshen,88757
52,Huey,Taipingxu,72054
53,Bamby,Preiļi,38903
54,Laney,Casal,37029
55,Amery,Beau Vallon,32674
56,Alvina,Shināş,71784
57,Vikky,Paris 04,66482
58,Minne,Septfontaines,74164
59,Edee,Kuantan,23987
60,Esma,Natonin,25399
61,Mariska,Hongkou,48907
62,Carri,Dindima,22396
63,Robenia,Cheremshan,97081
64,Elka,Stráž nad Nisou,25029
65,Fabe,Russeifa,42428
66,Reba,Alajuela,78639
67,Urson,Kolaka,50812
68,Kennan,Hamilton,96037
69,Fayth,Jiebu,58899
70,Beitris,Martil,57114
71,Anatole,Pasar Kulon,18021
72,Odelle,Panggungrejo,87997
73,Clarence,Hamilton,19761
74,Fiann,Ghurayd Gharamē,89049
75,Rubin,Eusébio,52022
76,Wilden,Pendolo,90288
77,Ciro,Štěchovice,96135
78,Aida,Pasirreungit,21874
79,Alain,Örebro,22973
80,Coriss,Thepharak,15079
81,Blaine,MacArthur,10125
82,Conney,Ágios Vasíleios,21901
83,Tory,Birendranagar,48866
84,Lauraine,Kalisabuk,69709
85,Pinchas,Sélestat,83289
86,Holly-anne,Vári,39974
87,Pebrook,Mengjia,85021
88,Dene,San Rafael,12437
89,Normand,Sarandi,55706
90,Ardella,La Cesira,20493
91,Rorie,Santo António das Areias,35131
92,Farra,Gostivar,63817
93,Melisande,Dzięgielów,35542
94,Elvis,Hashtgerd,17747
95,Lelah,Villa Nueva,35177
96,Giustino,Huanan,89994
97,Zahara,Frutillar,23002
98,Christean,Springfield,49874
99,Lindi,Baruta,57640
100,Jabez,Hongguang,36324
101,Denny,Santa Cruz,83276
102,Timmie,Kwangyang,39363
103,Roselle,Mpigi,38877
104,Worthy,Ikalamavony,52178
105,Selestina,Sumurgung,32337
106,Krisha,Santa Marta,98554
107,Adelle,Mýrina,90571
108,Mar,Turpo,37293
109,Van,Uticyacu,20556
110,Clair,Rengasdengklok,86317
111,Bill,Sobhādero,22615
112,Mayer,Kaji,70445
113,Annelise,Amparafaravola,86237
114,Tammie,Bao’an,43344
115,Nikolaos,Baisha,45791
116,Dav,Aygezard,24058
117,Marc,Staropyshminsk,11172
118,Inigo,Bangekdewa,33192
119,Leighton,Santa Maria Oliveira,82743
120,Griffie,Melbourne,40191
121,Angelica,Xidoupu,80987
122,Amory,Pontalina,82581
123,Kipp,Nancheng,84765
124,Genovera,Stavyshche,89396
125,Thorny,Tōbetsu,65688
126,Jethro,Nicoya,80850
127,Corby,Wróblew,29431
128,Taylor,Ufa,39785
129,Mirilla,Plandi,52855
130,Mata,Kafr Baţnā,74573
131,Elsinore,Āsmār,23699
132,Halsey,Mengxi,64771
133,Peirce,Gashua,78656
134,Mabel,Nieuwegein,22186
135,Alida,Bandong,92008
136,Gwen,Nioro du Rip,32333
137,Diannne,Souto da Costa,55287
138,Melisent,Lascano,99293
139,Vivyan,Changqiao,20704
140,Dorrie,Dāngām,96217
141,Fredelia,Hekou,96106
142,Kirstyn,Niebocko,76069
143,Casar,Kréstena,49351
144,Christabel,Zengjia,12089
145,Kirby,Terjan,30355
146,Shelly,Breu,91298
147,Rowland,Naples,90283
148,Angy,Hejia,66460
149,Angeli,White City,94952
150,Dannie,Guarapuava,64753
151,Philis,Borzoy,35825
152,Donny,Bollnäs,32342
153,Ephrayim,Pittsburgh,50962
154,Talbert,Hägersten,64658
155,Brit,Mawlaik,77655
156,Catlin,Hörby,44015
157,Reube,Labin,20539
158,Jacinthe,Wang Noi,36513
159,Chrissie,Zougang,49763
160,Becca,Orsk,48548
161,Art,Pozhang,92336
162,Aldwin,'s-Hertogenbosch,90315
163,Collette,Tianhe,31266
164,Eddie,Jaú,56492
165,Maude,Artsvanist,69017
166,Kristyn,Bayside,19720
167,Ron,Wenshao,70513
168,Gavrielle,Fort Macleod,94712
169,Giovanni,Yuetang,95878
170,Cristi,les Escaldes,59086
171,Nelson,Nobres,65769
172,Burnaby,Krajan,30530
173,Koral,Tabuc Pontevedra,38855
174,Enid,Cauayan,28141
175,Gunilla,Guisa,15925
176,Christian,Gaokan,68768
177,Pedro,Dorp Tera Kora,97067
178,Quillan,Sydney,83398
179,Jack,Huanggang,25336
180,Klaus,Ganding,72334
181,Marianne,Munjul,10254
182,Heywood,Patao,27161
183,Marion,San Fernando,41970
184,Ive,Parreira,58227
185,Madelin,Araçatuba,94972
186,Melba,Guamo,88872
187,Graig,Chirpan,17461
188,Raimundo,Hutag,72568
189,Selie,Dongxing,29595
190,Herc,Mandera,75975
191,Rosie,Kafir Qala,30232
192,Eustace,Kushar,62078
193,Pen,Marsabit,15578
194,Gal,Rafaḩ,43135
195,Milena,Panayagan,75212
196,Darren,Abut,52396
197,Tanney,Essen,51062
198,Margarete,Shijiazhuang,10485
199,Eugenio,Tianya,93962
200,Pru,Dolní Lhota,31583
201,Whitman,Carromeu,51395
202,Iolanthe,Atlanta,92546
203,Fawn,Kafr Nubl,72132
204,Pam,Narach,64992
205,Lara,Anoek,86392
206,Aggie,La Sierpe,46571
207,Rodolfo,Kuanchuan,85563
208,Clarie,Xiaoqi,89225
209,Vonni,Brangsi,72865
210,Cherilynn,Velasco Ibarra,90107
211,Turner,Sunne,45780
212,Ainslie,Bantian,51022
213,Roseline,Harstad,63198
214,Dov,Benguela,62572
215,Lauritz,Sampangan,97244
216,Romonda,Jinan,97183
217,Tabby,Åtvidaberg,50034
218,Mitzi,Jicun,55733
219,Glen,Nova Petrópolis,35713
220,Joellen,Pylaía,70683
221,Jeremias,Banjar Gunungpande,20449
222,Lib,Liudaogou,73349
223,Charita,Zwierzyniec,89063
224,Aile,El Ocotón,62931
225,Catha,Belén,55491
226,Daffie,Asmara,12773
227,Jerrilee,Daping,41593
228,Freddi,Tumu,79262
229,Mariquilla,Kinalaglagan,21868
230,Bryanty,Stockholm,74819
231,Sephira,Jiantang,73591
232,Keefe,Changxing,20780
233,Rey,Longxi,75271
234,Viole,Palecenan,70320
235,Isacco,Esplanada,39834
236,Berny,Calmar,99929
237,Vevay,Baumata,92263
238,Veronike,São Sebastião do Paraíso,90679
239,Ashton,Karlovy Vary,41161
240,Laird,Gaotang,82116
241,Wallas,Krajan,75818
242,Fredia,Nila Dua,86820
243,Chas,Buenavista,22686
244,Melisa,Ilioúpoli,45595
245,Fitz,Zhuyu,39781
246,Gardener,Sirājganj,41539
247,Osbert,Changping,96699
248,Earle,Raub,91967
249,Darcie,Pulosari,70170
250,Elayne,Hostavice,37005
251,Carrie,Degeberga,53032
252,Lottie,Shuangxi,21413
253,Agna,Stylída,42685
254,Saunder,Serra da Silveira,28549
255,Clint,Sukaharja,79658
256,Phyllys,El Paraíso,52791
257,Mellisa,Brescia,89595
258,Theda,Utrecht,78095
259,Karee,Wilkowice,84164
260,Hamish,Candelaria,18403
261,Austen,Huiyuan,24039
262,Page,Semiletka,94409
263,Cobby,Lama,29787
264,Barbabra,Šentjur,13956
265,Vannie,Puzi,74015
266,Cymbre,Dulce Nombre de Culmí,45151
267,Jarret,Biryulëvo Zapadnoye,60851
268,Drugi,Kotido,73660
269,Benjamin,Kutao,46085
270,Fanchette,Kanada,59916
271,Flossy,Salakuray,35244
272,Gilli,Pakel,22229
273,Moe,Mondoteko,27147
274,Hope,Presidente Médici,62729
275,Gabey,Kinzan,42080
276,Alika,Atarodangwautu,48357
277,Kristal,Sunampe,86199
278,Petronia,Jacareí,78964
279,Ginger,Carmen,38427
280,Garry,Araal,25504
281,Kalinda,Lagoa Seca,14793
282,Sidoney,Karjalohja,12202
283,Alard,Karmah an Nuzul,60275
284,Inesita,Corralillo,15914
285,Krystle,Narawayong,51258
286,Hubey,Husów,46469
287,Gusty,Honolulu,17434
288,Agnese,Guaxupé,73632
289,Vite,Bantal,76807
290,Nicky,Shimen,84568
291,Brennan,Danirai,87139
292,Willi,Shymkent,52107
293,Rebeka,Nice,35134
294,Isidro,Kungälv,88346
295,Garwood,Klenje,44079
296,Aurelia,Sydney,96438
297,Maria,Kuala Lumpur,62848
298,Zacharias,Ipoh,62015
299,Marillin,Budta,31765
300,Natale,Vecumnieki,23807
301,Ortensia,Xilong,18589
302,Dorena,Patnongon,23817
303,Leupold,Stockholm,60124
304,Andie,Solţānābād,93907
305,Dominga,Dushan,98598
306,Tedda,Baltiysk,81857
307,Gordie,Oeri’u,52793
308,Serene,Oslo,51361
309,Wolfie,Pakemitan,26762
310,Westleigh,Áyios Vasílios,94350
311,Zacharie,Zlín,42739
312,Lin,Río Blanquito,55716
313,Tasia,Velké Bílovice,16407
314,Arnuad,Daliciasao,74689
315,Zandra,Liaoyang,60760
316,Jolyn,Baylo,36521
317,Arin,Usulután,68339
318,Curtis,Álftanes,18997
319,Lissi,Luojiaping,85771
320,Andi,Orodara,29570
321,Valencia,Jingxi,13606
322,Avictor,Paraty,16360
323,Fanchon,Tulay na Lupa,85437
324,Natalina,Samajie Ewenkeminzu,32301
325,Blondie,Norsborg,59253
326,Irina,Dalu,35559
327,Konrad,Tabatinga,80876
328,Grenville,Aracaju,16560
329,Aristotle,San Rafael,42493
330,Pam,Linzi,87081
331,Quent,München,66950
332,Antonius,Skibbereen,14271
333,Nicolis,Valence,65522
334,Manolo,Fenoarivo Be,98785
335,Burk,Clermont-Ferrand,28264
336,Petronia,Długosiodło,11737
337,Antonius,Lapuz,99821
338,Romeo,Jahrom,76860
339,Abby,Al Bāţinah,38442
340,Christyna,Tanahwurung,46493
341,Alic,Ulster Spring,28773
342,Spike,Skalánion,86246
343,Christoffer,Gradići,73122
344,Rosalie,Zhenxing,59280
345,Tab,Camacha,70738
346,Iris,Légua,23996
347,Melisande,Zhongxing,69843
348,Kinnie,Loa Janan,93171
349,Hayden,Libode,81721
350,Henri,Trới,41352
351,Peirce,Limboto,41386
352,Gail,Sumqayıt,47253
353,Winny,Qui Nhon,27837
354,Brenden,Zhaixi,43603
355,Zachary,Xinpo,75290
356,Janot,Sauce,97783
357,Eilis,Bagikkedok Lauk,72977
358,Merrel,Xinan,16755
359,Jobina,Rio Meão,97253
360,Sissy,Mazamet,26479
361,Seline,Minian,18103
362,Kellina,Zhili,43212
363,Livvyy,Vostryakovo,58507
364,Francklyn,Gunung Talang,62984
365,Lyndell,San Cristóbal,59069
366,Karry,Belozërsk,68964
367,Marcy,Saukkola,41163
368,Nicolette,Anka,64156
369,Harv,Liuji,33575
370,De witt,Skhodnitsa,95825
371,Wash,Jiexiu,58482
372,Clemmy,Yemva,79514
373,Tedmund,Mranggen,15837
374,Wilmer,Xincheng,50955
375,Maison,Banyuresmi,36660
376,Marney,Kalisabuk,32128
377,Konstanze,María la Baja,64652
378,Tammi,Salaberry-de-Valleyfield,25352
379,Guthrie,Vila Fria,20905
380,Brena,Pentecoste,48174
381,Issie,Pawłowiczki,50697
382,Ashly,Lokokrangan,79219
383,Lynda,Kafr Dān,80038
384,Roxine,Llorente,21163
385,Mohandas,Gornja Koprivna,35823
386,Teena,Uromi,12265
387,Archibald,Lagoa,31548
388,Valentine,Mogi das Cruzes,11497
389,Hobart,Cha-am,81021
390,Ingeborg,Banjar Bucu,64055
391,Bianka,Staryy Urukh,77718
392,Stefano,Aya,69421
393,Jerrold,Otan Aiyegbaju,58776
394,Tana,Citambal,75190
395,Claudianus,Panjgūr,42982
396,Kaylyn,Chicago,65883
397,Jerrilyn,Enköping,61539
398,Bran,Aracaju,53697
399,Kimberlee,Rassvet,25746
400,Delinda,Garden Grove,69619
401,Michal,Lebyazh’ye,44739
402,Fenelia,Gostivar,84523
403,Jaime,Atamanovka,78851
404,Waiter,Vorontsovka,62947
405,Bradan,Kauditan,62046
406,Derwin,Jacksonville,79852
407,Teodora,San Carlos de Bariloche,67858
408,Renata,Gaobu,79661
409,Benyamin,Kinh Môn,69691
410,Killy,Znojmo,23936
411,Armin,Kauran,87575
412,Ivan,Orléans,56086
413,Philip,Saint Louis,21971
414,Teressa,Pilot Butte,71362
415,Saunderson,Ciudad Arce,31831
416,Artair,Hujirt,55792
417,Neile,La Cruz de Río Grande,84285
418,Hazel,Majagual,35288
419,Agna,Itajaí,79856
420,Agna,Dolati,45736
421,Conrade,Mesopotam,32612
422,Breena,Uppsala,65100
423,Hildegarde,Jaqué,66290
424,Hyatt,Yasenevo,29640
425,Dal,Ode,22157
426,Ericka,Gaotaizi,65541
427,Kerk,Karangmulyo,55075
428,Daisi,Heshang,82738
429,Garrard,Shancheng,62749
430,Susanne,Qamdo,38728
431,Beryl,Pianbai,56727
432,Cecil,Kosti,75097
433,Ardisj,Alak,33943
434,Serene,Ibara,88389
435,Lula,Leidschendam,31078
436,Geno,Oslo,81836
437,Ingaborg,Nanganga,41091
438,Karola,Helie,19585
439,Nicolai,Baní,80822
440,Reynold,Nariño,30792
441,Mandel,Manay,48425
442,Aksel,Dacudao,96020
443,Nicoline,Banjar Tegal Belodan,59104
444,Prentiss,Sexiong,21493
445,Thalia,Anjiang,42760
446,Lenard,Cáchira,31899
447,Gabriela,Bhopālwāla,36126
448,Maritsa,Kuytun,89757
449,Westley,Yushanpu,43445
450,Orrin,Puncaksari,26759
451,Dorey,Liufu,74789
452,Abdul,Caçador,99051
453,Inna,Lungmar,32803
454,Uri,Xiashuitou,51042
455,Jenilee,Changping,92402
456,Pail,Da’an,30628
457,Cammie,Wichit,80470
458,Reinaldos,Jomboy,57116
459,Arch,Zhangcun,46487
460,Mohandas,Miaojie,53165
461,Marianna,Obernai,29016
462,Maryann,Binuangan,36122
463,Wynne,Taloy,27410
464,Randie,Kawangu Satu,87594
465,Elyse,Mayqayyng,70459
466,Tarra,Tanguá,16223
467,Sibby,Sukaratu,91337
468,Karlie,Emiliano Zapata,35267
469,Kathryn,Mogzon,72881
470,Eileen,Huangqiao,16770
471,Huberto,Rukunlima Bawah,99706
472,Charlot,Kuangyuan,25344
473,Erna,Sukonolo Krajan,49880
474,Ashlen,Lianfa,72934
475,Binnie,Maquanzhen,86290
476,Essy,Besuki,12908
477,Cathlene,Aktogay,76009
478,Fred,Serere,14898
479,Anestassia,Łąck,39418
480,Robinet,Uga,54311
481,Ellwood,Yongyang,69812
482,Symon,Barlinek,21040
483,Shawn,Quibdó,18175
484,Lazaro,Simões Filho,36549
485,Toiboid,Nine,33281
486,Vanya,Gouménissa,76645
487,Julietta,Artsvanist,25174
488,Jeanelle,Djibo,87345
489,Nelle,Yangon,76654
490,Nellie,Banjaranyar,90660
491,Karilynn,Cáceres,83226
492,Joy,Shijiazhuang,17660
493,Jocko,Tandel,74193
494,Gabbey,Longxi,28118
495,Evelin,Zhize,12781
496,Ingemar,Haveli,45744
497,Tabitha,Qinjiang,84142
498,Cassie,Leskolovo,63386
499,Mireille,Islāmkot,33587
500,Allegra,Huaranchal,20288
501,Lari,Trollhättan,64677
502,Silvanus,Tabio,32023
503,Alexia,Kuching,71471
504,Cal,Lumbac,31737
505,Anni,El Calvario,73256
506,Meg,Krasnokholmskiy,75766
507,Enrica,Ngilengan,32791
508,Ashly,Cabeças Verdes,66552
509,Misha,Presidente Venceslau,93143
510,Bartolomeo,Martinlongo,42840
511,Talya,Molodizhne,91331
512,Chrissie,Cibeureum,15135
513,Leilah,Zhoukou,83124
514,Luciana,Soko,32340
515,Eileen,Kranggan,26851
516,Justen,Tambulig,50899
517,Ker,Duanshen,56255
518,Alexei,Olovyannaya,51124
519,Cornie,Ipauçu,79020
520,Germaine,Dzyarzhynsk,90552
521,Constantine,Saint Lucia,22975
522,Marissa,Pimenta Bueno,44105
523,Jayme,Zhongzuiling,92355
524,Liuka,San José de Comayagua,26825
525,Gaelan,Guadalupe Victoria,94883
526,Glyn,Wufeng,14632
527,Audi,São Filipe,92503
528,Norry,Chiantla,47038
529,Aila,Ocuviri,33114
530,Ethelin,Russeifa,54840
531,Lynnelle,Rautjärvi,64997
532,Jenelle,Fengshan,36539
533,Cyndie,Las Flores,62747
534,Haven,Borisovka,31590
535,Kirk,Tanbu,78540
536,Carlie,Santa Cruz,57654
537,Arte,Lupak,24297
538,Ebenezer,Moroto,25691
539,Bartlet,Tan Sum,22858
540,Mira,Kingston,68167
541,Jessalyn,Morales,51051
542,Stuart,Adar,34587
543,Lyman,Sertolovo,76903
544,Shayne,Yakimovo,67958
545,Jasen,Limon,83671
546,Carter,Sangiang,24588
547,Devina,Jocotán,32853
548,Loretta,Qiaodi,45047
549,Olympia,Qinghe,11561
550,Sayers,Shunde,73248
551,Eugene,Majdal Banī Fāḑil,46793
552,Amandi,Shaba Zhen,43867
553,Barty,Huagai,38452
554,Kate,Roriz,23645
555,Muffin,Tarbes,23055
556,Linnea,Changnyeong,74672
557,Mariele,Saint-Quentin-en-Yvelines,95046
558,Parrnell,Damayan,62314
559,Ashien,Tinaquillo,10959
560,Ardelis,Bojongnangka,20333
561,Nan,Jaleswar,36213
562,Selina,Dagang,72752
563,Chelsea,Xinxing,89563
564,Jessey,Prainha de Baixo,20021
565,Tabbi,Dakoutun,59734
566,Saunders,Roubaix,84185
567,Earl,Bukbatang,48139
568,Vincenty,Runaway Bay,47871
569,Randi,Kotor,24685
570,Lib,Polyarnyy,24881
571,Donella,Beylagan,37289
572,Leila,Novopokrovka,18874
573,Clarance,Faleula,66478
574,Herby,Zliv,20330
575,Vikky,Obala,56576
576,Tasia,Hamilton,23889
577,Rahal,Kebonkai,73234
578,Joela,Wenceslao Escalante,54883
579,Had,Lama,42520
580,Clemmy,Fangfan,85365
581,Shay,Bāniyās,75450
582,Tynan,Nuuk,40889
583,Carmelia,Trpinja,47027
584,Fiona,Kamen’-na-Obi,30145
585,Raddy,Ganjaran,98208
586,Juana,Pokrovskoye,28160
587,Yolanthe,Selce,75143
588,Baldwin,Jamaica,21795
589,Chicky,Jin’an,87236
590,Nettle,Xiayang,15506
591,Eamon,Plottier,92669
592,Buiron,Hongyan,44420
593,Essy,Szprotawa,40855
594,Bengt,Carcarañá,77211
595,Vin,Kirkland Lake,23271
596,Susanetta,Ddmashen,78550
597,Sterne,Olonets,62582
598,Johnny,Pirassununga,91774
599,Pail,Gajrug,15055
600,Nico,Qianyou,97420
601,Kelli,Pujilí,41942
602,Deina,Berezanka,59972
603,Norri,Waipukang,39609
604,Mirabel,Ferapontovo,17773
605,Read,Kilifi,60675
606,Philis,Novotroitsk,56740
607,Starr,Tungol,11873
608,Annis,Pulau Pinang,35793
609,Josie,Velikiye Borki,81193
610,Liva,Sumberrejo,21754
611,Prudi,Bromma,96718
612,Juliann,Chernukha,46008
613,Maryjane,Cachoeira do Sul,27187
614,Benoite,Nato,62284
615,Connie,Velizh,26205
616,Codi,Jinshi,27181
617,Liliane,Kertorejo,86498
618,Tobey,Mechrá Belqsiri,65914
619,Melly,Americana,32757
620,Larine,San Rafael,39210
621,Garner,Nagornyy,61459
622,Erie,Kitchener,77867
623,Griselda,Ningyang,78206
624,Johnette,Cornwall,13455
625,Sumner,Negeriagung,82629
626,Nester,Siemiechów,57195
627,Nichole,Wangjing,16143
628,Nell,Lazaro Cardenas,75689
629,Lindsey,Altanbulag,84315
630,Jerrilyn,Sentul,84837
631,Maxim,Bambari,18070
632,Linnea,Mońki,81709
633,Grethel,Shar,16113
634,Lay,Warungtanjung,88507
635,Loralyn,Fushë-Muhurr,52511
636,Bridgette,Susoh,43401
637,Marja,Serra Negra,41582
638,Nina,Ouahigouya,58614
639,Sydney,Tula,64201
640,Gavin,Jaciara,97217
641,Townsend,Jinshan,76894
642,Torrence,Stockholm,11131
643,Vinny,Koblain,22318
644,Christos,Irapa,69282
645,Nanci,Changqiao,58938
646,Julita,Tarłów,45948
647,Dalenna,Granada,23461
648,Candis,Osório,40662
649,Tasia,Cachada,60210
650,Filide,Jarānwāla,31164
651,Nance,Sukapura,78077
652,Christin,‘Attīl,89273
653,Findlay,Chile Chico,19141
654,Rorke,Baiima,27051
655,Burch,Ulcinj,63167
656,Calida,Ar Rudayyif,31082
657,Waring,Shangjin,23412
658,Ashil,Krajan Bakalan,90562
659,Chantalle,Citalahab,38101
660,Loren,Santa Venera,72689
661,Florette,Kakanj,11115
662,Auguste,Ruma,46497
663,Bernie,Glatik,73480
664,Ailbert,Makadi Bay,67025
665,Laney,Ballybofey,79621
666,Alden,Momil,85423
667,Ingamar,Sijunjung,47019
668,Arabele,Odintsovo,81122
669,Reinaldos,Preserje pri Radomljah,99058
670,Aubrey,Nuits-Saint-Georges,42159
671,Malcolm,Xinzhou,40069
672,Oralla,Surazh,15326
673,Tammy,Kafue,80190
674,Trumaine,Kembang,66614
675,Elisabetta,Granada,14339
676,Clementine,Samayac,68525
677,Phillie,Velventós,67645
678,Kathie,Kamionka,32503
679,Gipsy,Wuyang,97734
680,Regen,Pomahuaca,94608
681,Cicely,Aucallama,15190
682,Jefferson,Emiliano Zapata,25404
683,Jasper,Charras,35405
684,Eleonore,Quinta da Torre,68521
685,Othella,Sharga,57716
686,Joanie,Sukodono,92192
687,Alonso,Shanga,96628
688,Jamesy,Puning,52538
689,Edeline,Forquilhinha,63412
690,Duane,Thị Trấn Vạn Hà,54795
691,Millicent,Caidian,70759
692,Haleigh,Washington,35927
693,Fitz,Siwalan,65086
694,Neale,Huizhai,69731
695,Roby,Bourg-en-Bresse,93952
696,Adolph,Hujirt,51293
697,Renate,Złoty Stok,74438
698,Alma,San José Acatempa,94565
699,Estella,Legok,41565
700,Bessie,Ash Shāmīyah,37683
701,Kipper,Colorado Springs,56143
702,Lula,Goght’,78131
703,Susanetta,Cuihuangkou,31886
704,Marlee,Sitabamba,33191
705,Isac,Rublëvo,64614
706,Tabbie,Krajandadapmulyo,88812
707,Ellene,Witbank,86955
708,Rolf,Qiaodi,81316
709,Vivyan,Erenhot,89576
710,Quinn,Shirone,61802
711,Jacquenetta,Suhong,49716
712,Nancie,Itsukaichi,63873
713,Elvira,Gandara,55506
714,Bastian,Hesheng,71110
715,Emmey,Thị Trấn Tân Yên,73673
716,Ellary,Baitang,10288
717,Arda,Žabčice,28579
718,Danny,São Jerônimo,81545
719,Sarene,Chao,60797
720,Benn,Arraial do Cabo,74845
721,Esme,Fengjia,54428
722,Gasper,Messina,89700
723,Kaela,Remscheid,57428
724,Lee,Cran-Gevrier,85312
725,Giffy,Lumijoki,44862
726,Lelia,Birātnagar,48350
727,Sanford,Canchayllo,41924
728,Raddy,Dongshan,80908
729,Desiri,Rājo Khanāni,96328
730,Allina,Salisbury,53235
731,Devlin,Jaunpils,26808
732,Emilie,Tupanciretã,91754
733,Gertie,Klemunan,24202
734,Bastian,Gujiadian,45688
735,Vanessa,Srinagarindra,20188
736,Dukey,Hoani,86137
737,Kellsie,Łagów,26546
738,Jodie,Växjö,37581
739,Zacharie,Shazhenxi,12883
740,Beatriz,Yushugou,11285
741,Meredith,Perm,78331
742,Perla,Saint-Raymond,90639
743,Trenna,Tworków,29715
744,Dud,Gabao,93364
745,Elva,Imām Şāḩib,45660
746,Melisandra,Alīābad,45824
747,Salvatore,Cabeço de Vide,62162
748,Adi,Sagay,94876
749,Nev,Nanlü,96156
750,Dolorita,Banī Suwayf,68604
751,Albrecht,San Lorenzo,61596
752,Gavan,Sokolniki,18995
753,Steven,Duut,66777
754,Ibbie,Ma‘lūlā,53252
755,Charita,São Pedro,15105
756,Graham,Elmira,97023
757,Haily,Kunda,81356
758,Cara,Chanuman,63864
759,Meridith,Umanggudang,97753
760,Charyl,Pipa,40016
761,Sherwood,Ukhta,88849
762,Horton,Denglong,91862
763,Sibylla,Klampis,85328
764,Florian,Mistrató,87479
765,Joaquin,Nantes,44309
766,Trstram,Xianrendu,49442
767,Sharline,Ciseuseupan,79815
768,Cissy,Dallas,15653
769,Ralina,Taverny,57570
770,Elwyn,Celso Ramos,77439
771,Meredeth,Pontevedra,94027
772,Ase,Malishka,16119
773,Glenden,Luena,42469
774,Justin,Lençóis Paulista,48441
775,Jeth,Ketanggungan,57004
776,Vera,Amuñgan,22008
777,Consolata,Cam Ranh,86511
778,Orel,Kanzaki,41898
779,Ambrosio,Chishui,60183
780,Phyllys,Slavyansk-na-Kubani,75226
781,Kristen,Maria Cristina,92835
782,Berta,Xilu,16038
783,Jonah,Orlando,60433
784,Claire,Nangabulik,91916
785,Kiley,Amerta,30766
786,Brett,Budapest,45962
787,Freda,Letsheng,15776
788,Dulcine,Paris 16,84150
789,Aggi,Crato,62795
790,Karla,Haiyangsuo,93060
791,Alasteir,Jingzi,92308
792,Viviene,Longcheng,83429
793,Casie,Kafr al Labad,12864
794,Conrade,Nîmes,95206
795,Leland,Basail,62598
796,Lucilia,Kiuola,17630
797,Coral,Gorshechnoye,37621
798,Dulce,Lokossa,14036
799,Irma,Longmen,94672
800,Olia,New Haven,55756
801,Hyatt,Kalabahi,61493
802,Arlina,Río Limpio,71617
803,Florentia,Navatat,31049
804,Hynda,Okanagan,18820
805,Mart,Shevchenkove,36927
806,Jamil,Liljendal,62027
807,Deeann,Kuala Bhee,68099
808,Munmro,San Isidro,84802
809,Wileen,Xinjie,77437
810,Claudian,Otoka,84738
811,Sol,Krajan Srigonco,80885
812,Lorena,Acomayo,99700
813,Elicia,Gongfang,96277
814,Dinah,Acton Vale,62927
815,Laureen,Yushang,46097
816,Joel,Mikulášovice,18625
817,Rube,Hondo Valle,83334
818,Ephrem,Naguilian,13440
819,Nydia,Yonkers,59295
820,Benedick,Pokrovskoye-Streshnëvo,80690
821,Olivie,Gibato,89545
822,Constance,Tuatuka,28984
823,Noella,Neresnytsya,54888
824,Garvey,Almaguer North,22318
825,Floyd,Daleman,59330
826,Gram,Hyattsville,41498
827,Veriee,Riba de Ave,41922
828,Leland,Lucapa,30975
829,Shalne,Qinhe,71882
830,Bartlett,Karlskrona,16134
831,Kaycee,Yanbei,25877
832,Gearard,Susiec,15566
833,Galvan,Kazan,58243
834,Gabrielle,Ankola,71937
835,Isobel,Nglego,53828
836,Benedick,New York City,86463
837,Jocelyne,Mostovskoy,89541
838,Aldin,Bilar,11040
839,Rupert,Pukou,73207
840,Kathy,Port-de-Paix,71384
841,Cinnamon,New Orleans,89914
842,Vally,Xiadahe,28666
843,Curt,Haenam,86224
844,Terrence,Tres Arroyos,74732
845,Frank,Ketapang,98930
846,Jacki,Içara,15158
847,Travis,Santa Fe,47922
848,Babb,Winburg,24436
849,Bradan,Toledo,20446
850,Richmound,Shangtianba,20170
851,Lyndsie,Kumbo,29827
852,Mady,São Domingos,17928
853,Ramon,Lancai,77711
854,Trish,Dimovo,69037
855,Isaac,Yunmeng Chengguanzhen,60403
856,Dukie,Tungipāra,23174
857,Welbie,Aranitas,81318
858,Leonidas,Santa Fe,36178
859,Maureen,Genet,10710
860,Gavrielle,Malimaneek,37413
861,Barbabra,Coripata,28733
862,Margi,Xin’an,26916
863,Boyd,Zhangshi,80389
864,Emili,Aldeia da Bela Vista,43061
865,Dacie,Íos,66878
866,Quintina,Joliet,45630
867,Sada,Maasin,28240
868,Jordan,Nalbandyan,67025
869,Janice,São José do Egito,73411
870,Araldo,Sochaux,36309
871,Reginald,Miaoli,27941
872,Brunhilde,Banamba,88918
873,Eugenia,Toki,58117
874,Tracy,Nedakonice,26719
875,Elisha,Dve Mogili,94349
876,Hedvige,Thị Trấn Quan Hóa,37972
877,Clarabelle,Tyler,63034
878,Corbet,Zili,49962
879,Samson,Hankasalmi,49705
880,Isabeau,Pont-à-Mousson,69646
881,Mallory,Ángeles,97329
882,Leonie,Karangtanjung,57089
883,Rourke,Geputan,52880
884,Moll,Hương Sơn,91534
885,Phaedra,Bangeran,49865
886,Magdalena,Tongyu,54531
887,Peri,Rokem Barat,53289
888,Vita,Singapore,18444
889,Johann,Tall Ḩamīs,47724
890,Monte,Antony,23066
891,Reamonn,Baton Rouge,90520
892,Jerry,Shreveport,87172
893,Sandie,Baalbek,35523
894,Solomon,Jiashan,69230
895,Annecorinne,Neyvo-Rudyanka,99030
896,Lexis,Sukowono,18457
897,Jermayne,Carcarañá,53897
898,Tabbitha,Qishn,52067
899,Selle,Saskatoon,28390
900,Rurik,Chunjiang,82798
901,Heather,Pryazha,88318
902,Corey,Imbituva,59871
903,Meryl,Tokuyama,41250
904,Irwinn,Klek,35856
905,Rurik,Letpandan,60912
906,Aleta,Hongxi,35960
907,Toinette,San Angelo,19414
908,Luce,Esmeraldas,47200
909,Gaile,Nhà Bè,37764
910,Algernon,Roches Noire,49695
911,Juliette,Jiazhuang,45989
912,Rafaela,Banyuresmi,82436
913,Alfy,Matanza,90256
914,Cletis,Jajaway,11418
915,Shanda,Courtaboeuf,58305
916,Genny,Pingwang,18571
917,Marley,Valle de La Pascua,27359
918,Thorndike,Banes,45864
919,Tammie,Kiruna,18027
920,Phillida,Zhichanghe,54055
921,Cyrill,Pancoran,70645
922,Ulrika,Omoa,10904
923,Ariadne,Fuchun,66854
924,Beatrix,Novouzensk,70261
925,Revkah,Tonoshō,62805
926,Norine,Agrela,12101
927,Frederique,As Sukhnah,66209
928,Arlyne,Niulanshan,94557
929,Garwood,Medenychi,79228
930,Rubia,Paseyan,30247
931,Kilian,Shuyuan,85200
932,Florri,Maastricht,61804
933,Margaretta,Daxing,56511
934,Shelby,Bucay,28092
935,Izak,Tanay,35094
936,Emmalyn,K’ulashi,17101
937,Talbert,Espérance Trébuchet,46865
938,Kennedy,Bera,96890
939,Dru,Creighton,46752
940,Bryan,Yinxi,75078
941,Joellen,Yeghegnut,89536
942,Jordan,Bangker,80231
943,Tobias,Mikhaylovsk,71609
944,Herschel,Arue,79396
945,Scarlett,Fukuyama,71466
946,Renard,Mbaké,17425
947,Cissiee,Machang,34164
948,Rob,Newark,34963
949,Luigi,Jiworejo,14131
950,Golda,Vilares,61038
951,Cordie,Sosnovoborsk,27956
952,Mimi,Tingzhou,92286
953,Ronnica,Montinho,12605
954,Sallyann,Colonias Unidas,92419
955,Gill,Jawor,19965
956,Lovell,Vynohradiv,67853
957,Daveen,Syktyvkar,48561
958,Ara,Nueva Arica,46099
959,Jillana,Chýnov,86902
960,Anabella,Charopó,88851
961,Bill,Tororo,72323
962,Massimo,Dalam,90589
963,Helen,Hengjian,10271
964,Whit,Tianbao,97005
965,Gian,Mokwa,16069
966,Melesa,Naran Bulag,55516
967,Tedra,Tangtou,46553
968,Gabriel,Goričan,80617
969,Ewart,Gubu,90075
970,Rory,Barreiros,72265
971,Galvan,San Cristóbal Verapaz,34640
972,Haze,Chiba,92658
973,Lynnette,Penebel,47900
974,Katleen,Herby,78663
975,Billye,Houston,61879
976,Bogey,Longquan,18360
977,Olive,Ramotswa,81915
978,Inga,Pekuwon,24776
979,Cyb,Uromi,61050
980,Lauren,Täby,58670
981,Hestia,Polýkastro,20723
982,Janice,Henglian,46029
983,Wit,Péfki,97571
984,Annora,Kyprínos,88471
985,Noak,Kota Bharu,11581
986,Aviva,Amboasary,76193
987,Cecelia,Gelgaudiškis,46654
988,Gaven,Ljungbyholm,80044
989,Sheryl,Lady Frere,95895
990,Agnella,Asykata,38892
991,Karita,Shadili,63909
992,Ahmad,Emiliano Zapata,66452
993,Nahum,Falun,88955
994,Gunther,Yujiawu,85637
995,Estella,Notodden,22965
996,Roddie,Inozemtsevo,37422
997,Mada,Tiandeng,10158
998,Marina,Chechen-Aul,38440
999,Sascha,Zhanghuban,62632
1000,Keefer,Argel,21850
