77,Birch,821275,Örnsköldsvik
56,Eydie,621060,Kujang-ŭp
58,Miguelita,109200,Rio Pardo
57,Tamiko,747599,Stockholm
56,Harley,832004,Motegi
7,Charlot,98680,Bitam
12,Thaddus,920027,Marquard
64,Kial,377204,Talas
40,Ella,954145,Yélimané
48,Jabez,869161,Dulolong
42,Ripley,810103,Masaran
35,Judith,776843,Hekou
37,Samuel,312634,Shimokizukuri
90,Frankie,77370,Kericho
23,Mareah,418769,Kuching
68,Mickey,514683,Suntar
30,Doug,559704,Poretskoye
86,Crissy,467356,Glondong
4,Aubrette,882660,Dolisie
33,Garrett,611592,Santo Isidro
38,Maxy,420105,Chepes
65,Kimberlyn,816553,Zeewolde
85,Kati,850182,Extremoz
67,Wake,659603,Mombetsu
74,Marwin,195312,Pengjia Zhaizi
94,Everard,300607,Berovo
93,Deloria,499053,Bojonggaling
32,Issie,625096,Korkino
10,Lissy,938890,Juan de Acosta
37,Rosamund,573771,Áno Kómi
73,Blisse,44546,Khodzhi-Gasan
60,Filia,415325,Toyohashi
50,Zondra,793587,Tanakbeak Daye
41,Hollis,406875,Culacling
48,Gun,717246,Bijela
28,Anabel,413382,Long Xuyên
80,Lenka,503117,Pargas
73,Ring,140011,Amadeo
23,Kania,911195,Banān
77,Gayleen,679099,Andahuaylillas
38,Karlen,579611,Hengli
85,Lani,479693,Congonhas
28,Reggie,483027,Chengji
23,Cacilie,704829,Kaoma
63,Claudie,537375,San Francisco
44,Kesley,127778,Holoubkov
17,Donnajean,132370,Varberg
71,Dawn,90763,Wuli
60,Gilberto,893080,Taipingguan
1,Hollyanne,219470,Jinquan
10,Jeanine,748217,Ibrā’
5,Madelon,237436,Tabunok
84,Alida,104646,Vargön
74,Lea,286415,Alegria
42,Marie-jeanne,617777,‘Izrā
31,Shandie,324187,Jeseník
25,Yule,216273,Zyryanovsk
33,Giustino,634022,Sovetskoye
4,Kellia,499056,Shiree
77,Bliss,286593,Rameshki
19,Alice,893224,Upton
33,Geoffrey,458853,Tumen
42,Drusilla,797000,Lemahputih
62,Ban,204985,Nova Viçosa
72,Gunilla,453614,Ferraz de Vasconcelos
39,Flint,334206,Novopokrovka
70,Thoma,276680,Yijiang
51,Tresa,73665,Sang-e Māshah
62,Ingamar,584249,Tríkala
6,Robbin,178569,Jatipamor
4,Gert,163335,Saint-Louis
79,Merrily,346423,Skellefteå
30,Gilligan,208814,Batanghari
8,Winfield,400815,Lillehammer
97,Carr,79442,Sañgay
77,Zach,475633,Longxi
2,Augusta,656796,Sélibabi
20,Conrado,801588,Bergen
4,Arturo,382386,Campoalegre
97,Clarinda,652119,Feteira Pequena
1,Akim,459430,Shangping
99,Lindy,459591,Daet
48,Thomasin,39974,Illapel
46,Wendall,598157,Kijini
18,Francesca,548710,Ravne na Koroškem
75,Mariska,692688,Bagarmossen
12,Brannon,640128,Saint-Denis
41,Jone,978028,Matiao
70,Emlen,179111,Sidi Yahia el Gharb
99,Lilas,972770,Danderyd
39,Dorry,867996,Henglu
40,Isaak,366313,Verkhn’odniprovs’k
17,Grantley,541882,Alvesta
46,Devi,266232,Feyẕābād
32,Kara,111600,Mstów
36,Antony,794075,Heřmanův Městec
80,Jayson,115151,Ortiga
51,Trudie,170762,Agrelo
46,Obidiah,180741,Tyret’ Pervaya
77,Woody,151967,Ulyanovsk
71,Jefferson,863590,Hikkaduwa
10,Smith,113639,Shihua
63,Nickie,702972,Shaliangzi
27,Inna,691272,Lavradio
8,Maren,672530,Beaufort West
6,Franny,111827,Paris 04
41,Simona,527978,Lousa
1,Shelba,428743,Gravelbourg
26,Jodi,967983,Medeiros Neto
6,Kennith,377744,Haylaastay
10,Ivar,559879,Stryków
79,Kyla,162209,San Manuel
95,Letitia,404127,Blarney
57,Cosimo,609095,Zaječar
34,Arley,28113,Smederevo
55,Brander,390139,Tieba
75,Nona,382904,Niandui
72,Danika,403974,San Sebastian
60,Vernor,942241,Kassándreia
45,Burnaby,158627,Cidikit Girang
100,Janine,761945,Chengfeng
83,Huberto,954738,Yunyan
43,Lydia,96275,Kíti
70,Denys,822636,Juncalito Abajo
27,Ingeberg,985029,Luwingu
6,Haywood,370411,Eucaliptus
40,Allx,230492,Chiduo
73,Zandra,270702,Mocoa
98,Ursa,81058,Chuncheon
54,Salem,815366,Halamendu
33,Alexandrina,953058,Bangued
86,Pierre,570838,Hafrsfjord
40,Konrad,512705,Shāhdādkot
78,Marysa,497463,Carriedo
54,Polly,118486,Duobaoshan
61,Valenka,355884,Zhangzhen
15,Donnie,258316,Gubu
66,Hollis,425804,Canauay
32,Cam,818621,Al Bawīţī
50,Forster,296659,Garhi Yāsīn
50,Kort,862259,Santa Cruz Cabrália
55,Leyla,764206,Carvalhal da Aroeira
42,Rhea,801958,Salogon
14,Fidelio,728523,Bunirasa
18,Wandis,781343,La Bélgica
65,Blondie,914155,Kolkhozobod
60,Charmion,982437,Zdice
57,Godiva,755114,Noling
6,Kristyn,332822,Sangalhos
64,Eduardo,39082,Moscow
91,Willey,589268,Bohus
18,Sheppard,439214,Bagalangit
5,Fairleigh,223510,Pavlovka
5,Friederike,556895,Dongming Chengguanzhen
87,Farica,875990,Horní Štěpánov
25,Jermain,845020,Wurno
60,Jonathan,362934,Nao
62,Ingar,686635,Leran Kulon
33,Bartel,816714,Staronizhestebliyevskaya
76,Rhys,939826,Drybin
70,Carola,795133,Anseong
59,Archibaldo,810864,Ambelókipoi
75,Manda,551908,Fuvahmulah
83,Clemmie,203123,Pontevedra
21,Feliza,32960,Działdowo
31,Bertine,468979,Morfovoúni
79,Darcy,211600,Banjaranyar
31,Andriana,648719,Pelabuhan Dagang
89,Ethe,646634,Konin
55,Gregory,209127,Bafia
100,Abbot,712934,Marugame
62,Packston,370149,Henglishan
19,Rodney,774298,Xiaxindian
16,Dasya,502644,Mi’ersi
15,Gavra,679419,Calimita
92,Celesta,734895,Lymanske
14,Garrik,992361,Boulsa
35,Howie,420742,Pinheiro
62,Korie,502743,Plewiska
90,Cacilie,933568,Novoye Leushino
93,Wylie,236927,Cajicá
52,Terry,832744,Ludwin
34,Gerri,11983,Rokietnica
13,Kele,429435,Manhumirim
27,Zechariah,10403,Yanjiang
51,Devi,217100,Seattle
68,Nevin,803312,Hangou
43,Enrichetta,707556,Stanari
90,Luis,704144,Rumboci
82,Tuesday,453553,Jiworejo
69,Constanta,360492,Cabugao
18,Haley,596013,Zwierzyń
48,Hadley,144657,Pa Kham
48,Hewitt,400894,Biggar
22,Gayelord,621261,Bayombong
19,Lind,554687,Tibro
41,Lek,31727,Xinhuang
87,Maren,39069,Sanjiazi
23,Angel,117313,Saint-Lô
22,Moses,483239,Washington
23,Joby,500617,Sidamulya Satu
17,Hoebart,440393,Ḩabbān
69,Timmy,334362,Jawl al Majma‘
92,Othella,955076,Seremban
63,Shaylah,616657,Pazarić
73,Michal,913463,Águas
98,Wilmer,242756,Chyňava
61,Mason,634373,Jönköping
17,Grata,720494,Winnipeg
40,Stern,93232,Kovářov
61,Easter,805828,Yakovlevo
32,Murial,843314,Novobiryusinskiy
74,Rowen,203117,Stoney Ground
2,Klara,345518,Itajuípe
32,Shamus,915420,Jiaomingsi
22,Wenda,402113,Sơn Tịnh
91,Edmon,801733,Samadua
95,Bat,655983,Xiaojiangba
75,Adele,147053,Vaulx-en-Velin
15,Jan,353666,Sofiyivka
4,Demott,36498,Krynice
59,Fania,28517,Al Qarmadah
75,Homerus,391913,Cidolog
35,Roselin,618456,Langchi
45,Bethina,94821,Shiziqiao
9,Ross,18118,Lantang
4,Karlie,873565,Hondo
95,Sapphira,764693,Rydułtowy
7,Liana,770544,Cikiray
28,Roch,725490,Ujung Gading
39,Rolf,217456,Mamu
77,Jeramie,664422,Gracias
56,Ruthi,453560,La Garde
51,Cart,774618,Natividade
57,Kahlil,503344,Crato
63,Antoni,745964,Biharamulo
32,Paola,890154,Huabeitun
71,Artair,328709,Palmas
24,Pascale,642822,Lalupon
6,Sheff,161852,Góra
80,Rory,467825,Costa de Rios Frios
57,Verina,680730,Chasŏng
41,Marillin,456778,Xihongmen
39,Bobinette,885405,Thị Trấn Bình Mỹ
76,Engelbert,982417,Maofan
8,Gael,357123,Itambé
92,Durante,404710,Željezno Polje
16,Juanita,77670,Zhdanov
39,Timmie,854813,Vroutek
13,Fidel,945786,Lavezares
15,Benedicta,90681,Santa Cruz do Capibaribe
56,Der,100971,Katsikás
75,Claudell,507544,Rokytnice
16,Karlotta,55512,Yevlakh
88,Caressa,430917,Norrköping
53,Madelyn,380808,Zhoujiang
11,Renaud,869146,Jastrzębia Góra
59,Read,122751,Ciechocin
47,Teador,905968,Al Wardānīn
43,Lorette,305117,Sacramento
31,Vernen,793514,Yur’yev-Pol’skiy
66,Giustino,501613,Pamplona/Iruña
28,Michale,512945,Basqal
64,Emelia,310617,Tongzha
32,Garrot,485363,Xinpu
32,Dolores,804475,Panjiang
15,Lesli,416988,Toledo
72,Alexis,196272,Diofior
1,Anton,849835,Sonsorol Village
47,Rafael,966246,Penaraga
82,Magdaia,708870,Huayuan
21,Rudiger,477346,Pashkovskiy
96,Krisha,872004,Dongdu
28,Byron,256061,El Carmen
47,Lee,181492,Babakanloa
51,Christa,726644,Kotawaikabubak
57,Nina,581058,Rodhítsa
100,Cody,694842,Tabatinga
93,Brander,402995,Yuhang
39,Budd,136922,Sokol’niki
62,Janine,474723,Xinquansi
10,Lind,386461,Kariat Arkmane
17,Berne,660011,Tayang
14,Antonietta,637372,Verkhnye Syn’ovydne
16,Brooke,39011,Sagara
8,Helsa,708304,Łopuszna
74,Kristien,982730,Curitibanos
37,Nat,376828,Matangpayang
11,Amye,515566,Adstock
25,Rafe,181330,Niono
26,Zorah,777283,Chuangye
28,Corina,228471,Tubigan
21,Cate,591579,Marugame
77,Constantia,102997,Bida
3,Germaine,353737,Diónysos
49,Clerc,727980,Proletarskiy
58,Ody,528004,Krasnogvardeyets
19,Ibbie,96223,Santa Catarina Barahona
97,Malinde,764337,Chybie
94,Kelcie,730173,Harbour Breton
3,Judon,398736,Quirinópolis
52,Clio,700833,Fairbanks
37,Willabella,765114,Tomilino
43,Albertine,184564,Nay Pyi Taw
17,Drake,256104,Kajar
22,Armstrong,33655,Podedwórze
2,Bibby,194635,Ketapang
14,Oralla,875758,Sanya
49,Myrah,765420,Palauig
86,Ralph,807942,Crossfield
53,Gilbert,548089,Qiaolin
19,Mychal,71706,Concordia
38,Sandye,208001,Hafrsfjord
29,Michaella,567237,Kuantan
9,Consuela,402848,Doghs
32,Ulrika,710961,Xiaotang
23,Gayle,82368,Souto de Cima
4,Alina,731396,Huangascar
47,Reube,263006,Liuduzhai
1,Jaime,806938,Arnage
16,Gerti,300446,Dongbatu
76,Lemmie,252639,Uddevalla
19,Beauregard,377329,Staryy Krym
68,Denys,39448,Xianning
48,Courtnay,378210,Golynki
39,Hailee,780837,Jiuzihe
13,Belva,65245,Guangyubao
96,Dennis,744714,Būr Safājah
23,Cthrine,51308,Outlook
78,Kaye,795452,Jinan-gun
12,Mayor,396602,Alfenas
53,Stearn,491371,Changqi
53,Marisa,107231,Akankpa
38,Vonni,667895,Puerto Rico
87,Marvin,537514,Laingsburg
54,Daphna,38147,Eci
81,Ki,296515,Maracaibo
98,Kati,942826,Alivéri
17,Bernhard,954520,Yangchun
83,Uta,685586,Slobozia
53,Gwendolyn,974666,Belogorskīy
10,Marty,73700,Kunshan
16,Waite,58826,Kurayyimah
66,Viviene,370225,Ordos
62,Tanitansy,535715,Ehu
88,Lindy,137513,Merton
82,Nap,907542,Uritsk
79,Matthew,45503,Uticyacu
51,Cleon,122563,Palermo
18,Eleanore,284663,Wichita
9,Phil,156969,Krasnaya Polyana
48,Torr,655923,Baja Mar
13,Amil,459858,Pécs
38,Ringo,93339,Brumadinho
8,Cammy,472643,Yanliang
80,Reed,769913,Gaotieling
33,Hymie,53348,Des Moines
39,Cher,793935,Tangping
46,Randal,931535,Helsingborg
93,Inesita,411335,Philadelphia
64,Jori,659573,Oslomej
32,Dolli,124763,Güira de Melena
66,Salome,825805,Carmen
18,Greg,145372,Sucun
62,Judd,590378,Tranca
33,Alasteir,171585,Miandrivazo
55,Alexandro,885629,Dongshan
81,Fiona,157626,Baganha
33,Travers,126060,San Francisco
80,Sinclare,622051,Zhongdong
37,Tomas,941411,Burgos
31,Carol-jean,544218,Hrvace
91,Gloriane,44590,Borkowice
60,Orelee,783113,Lulindi
25,Moritz,647490,Merke
48,Rick,324705,Mthatha
93,Gerri,496384,Mira
35,Gertie,628582,Pocohuanca
41,Gussy,133652,Efeng
13,Gisella,48440,Bollène
84,Sylvan,620469,Oyem
29,Katha,256476,Tambulatana
46,Adrianne,861725,Pasadena
79,Jany,223501,Pukou
95,Dahlia,720107,Ngulahan
96,Kerrin,55656,Taketoyo
8,Helen,139960,Ilha de Moçambique
35,Dyanne,60485,Vårgårda
19,Erna,146668,Taposan
63,Margalo,140940,Gabao
74,Wandie,687883,Şabāḩ as Sālim
90,Hugibert,563306,Bulgan
96,Kattie,748145,Avignon
17,Mohandas,220322,Diofior
85,Maible,852490,Tangerang
14,Conan,895236,Tocumen
48,Esta,978724,Ijuw
5,Marve,584770,‘Ayn an Nasr
43,Ariel,811637,Miechów Charsznica
92,Chrissy,120480,Yangong
93,Craggy,665670,Gaurnadi
40,Vivyanne,320094,Nggesa
15,Dara,739724,Nunhala
7,Lanie,58549,Butterworth
58,Carmine,782136,Starokucherganovka
14,Anallese,177576,Dongshangguan
92,Jesse,932869,Pāvilosta
72,Malena,323066,Koror Town
61,Benton,252399,Chernyakhovsk
26,Bar,375681,Augsburg
97,Ermina,537047,Minuyan
9,Myrta,831545,Fengyuan
33,Ilka,279382,Seres
7,Nick,487465,Lapuan
51,Kipper,549929,Piraí
3,Constantin,158872,Mapiripán
42,Amos,203666,Debar
28,Elsie,274677,Promyshlennovskiy
37,Deirdre,368205,Jednorożec
60,Nerita,928036,Wanglu Kulon
87,Laureen,385982,Lišov
82,Lesly,727761,Caçapava
84,Angelika,554718,Klyuchi
24,Tome,321169,Flores da Cunha
91,Evangelia,210098,Béthune
63,Pepillo,933910,Yulin
77,Carolin,893775,Fujieda
86,Sherline,838749,Kolyshley
18,Melba,341609,La Ligua
77,Bryce,115528,La Seyne-sur-Mer
35,Meta,828806,Kyonju
36,Margalit,809086,Kuncen
99,Graig,522406,Norabats’
60,Eugine,82942,Laojunpo
28,Inna,85376,Dushang
68,Aretha,387882,Nesterov
45,Tobiah,176076,Lleida
77,Priscella,271719,Shun’ga
82,Parker,50839,Sydney
95,Fin,517200,Uyen Hung
46,Lammond,724637,Danyang
75,Marietta,128360,Jun’an
80,Murray,408583,Traiguén
17,Daron,328662,Imari
27,Janet,926715,Salegading
44,Filberto,372265,Xilian
56,Baudoin,972898,Corona
2,Karlan,523342,Krousón
30,Silvio,853592,Puerto Varas
45,Rosabelle,142962,Burnside
3,Son,847824,Moulins
15,Marlyn,459246,Cavinti
68,Doll,34100,Nazaré
76,Joaquin,943245,Petaluma
37,Luke,981617,Vakhsh
25,Eugenius,297962,Inawashiro
53,Milli,379189,Alīābad
24,Tamra,358923,Rosmalen
64,Carey,500229,Khudāydād Khēl
38,Bryon,124247,Santa Cruz
23,Mimi,391145,Solnechnyy
57,Aleen,652993,Yeping
25,Carolee,674789,Ten’gushevo
88,Kailey,722970,Auas
42,Hettie,604280,Mandera
44,Paddie,460016,Braunschweig
83,Rees,808857,Pitogo
77,Rorke,751238,Luoyuan
73,Chere,263386,Boucherville
17,Allen,645241,Erdu
83,Lida,975595,Iquique
82,Irwinn,737839,Icheon-si
26,Doria,926252,Barra Velha
12,Adlai,931958,Fort-de-France
42,Caprice,411656,Xiangdong
40,Stefan,311634,Tuodian
34,Dorolisa,552184,Samut Prakan
50,Shaina,900069,Zaolin
59,Goldie,108743,Куклиш
22,Pamela,532925,Abade de Vermoim
72,Carce,33469,Lajkovac
97,Robena,94522,Lanuza
94,Urbano,88674,Piquete
4,Torrence,118673,Zelenokumsk
10,Tiffanie,490486,Kumai
95,Leopold,877699,Liucheng
49,Jolene,194162,Registro
84,Moll,478821,Jiru
99,Irvin,462881,Bylym
12,Winston,385430,Ambovombe
5,Alyosha,715592,Gendiwu
95,Chelsey,271060,Stoszowice
84,Cyril,898581,Kadubera
24,Ilaire,930656,Libas
44,Cicely,18989,Tadotsu
47,Nancey,652350,At Tawāhī
56,Kaia,302595,Mevo horon
49,Gabriell,23223,Bhalil
59,Beatrice,675299,Ayamaru
83,Reggy,923521,Huzhou
86,Vonnie,58792,Qiman
47,Mariele,630460,Sokoto
46,Thayne,139980,Baishi
2,Garvy,797215,Cambará
96,Herbie,418683,Xiayang
83,Claudine,62342,Phoenix
18,Vannie,746627,Sanbao
38,Hubey,62591,Baoxing
1,Arley,607952,Goworowo
10,Hynda,668311,Bayang
13,Raeann,335728,Riachos
62,Benjy,804135,Conselheiro Lafaiete
95,Clem,146639,Vancouver
82,Maxine,833809,Banī Ḩassān
51,Estel,256972,Dalsjöfors
18,Ebeneser,431498,Quchi
40,Miguelita,143128,Mabuttal East
68,Anjanette,935938,Troparëvo
33,Claude,797656,Ersekë
74,Rhoda,272831,Isakly
58,Kin,501249,Hagi
38,Jinny,150189,Willowdale
38,Lucias,527115,Tōgane
49,Hermie,313666,Sochi
32,Roxine,878012,Tamandaré
34,Brander,956924,Gabès
57,Roze,849747,Boise
37,Kathy,580027,Grand Bank
62,Sallee,34334,Moyamba
74,Dinnie,223566,Aston
58,Othilie,319354,Krasnystaw
3,Wolfy,876436,Santyoku
71,Wolfy,104420,Velyki Mezhyrichi
86,Juditha,599997,Janakkala
53,Alica,911658,Huangtudian
44,Buddie,965910,Ouahigouya
81,Chloette,810228,Mercedes
89,Cosette,279698,Swellendam
57,Isaac,552792,Wutong
11,Marylin,170728,Grenoble
23,Bill,368636,Cisek
23,Ninetta,43300,Zākhū
40,Wendy,277120,Tenjolaya
5,Emmi,311267,Gaio
45,Merrielle,360233,Shang Boingor
73,Jaquelin,513559,As Suqaylibīyah
48,Bruce,42267,Tánh Linh
45,Noelle,320841,Kokkári
97,Drew,122966,Copa
99,Allyce,860341,Yinping
44,Dina,925325,Yola
20,Catlee,738330,Březová
97,Rochella,100642,Kuching
1,Aurore,244288,Bogorejo
25,Kalila,418305,Bang Krathum
64,Marthena,950270,Boyarka
60,Dulcy,927064,Zhuhong
43,Hedvige,284961,Xinghe Chengguanzhen
23,Delmar,336085,Mungyeong
99,Kiel,944653,Hudiksvall
97,Jonie,398179,Oke Mesi
92,Julia,315147,Athens
82,Aleece,175061,Údlice
92,Cleopatra,42912,Qigzhi
45,Fionna,234054,Longquan
40,Griffy,577287,Bueng Khong Long
94,Shaylah,189802,San Diego
100,Talyah,620847,Rengat
25,Querida,460561,Tumxuk
1,Mela,721479,Lancang
84,Irita,695188,Huambo
54,Henrieta,592343,Haapajärvi
74,Irwinn,140472,Jiadingzhen
43,Nerissa,560499,La Plata
99,Vere,538397,Krasnogvardeyets
58,Rubie,576091,Shengping
52,Carlie,711507,Kronoby
8,Lorne,219609,Xiaomiaozi
96,Dorette,713916,Ugac Sur
36,Mellie,940250,Kafr Zaytā
75,Marlena,344951,Yasenevo
61,Dukie,386590,Xiabaishi
1,Elnar,376420,Içara
44,Ginger,82148,Bộc Bố
1,Meggy,253946,Port Antonio
53,Farley,380337,Colonia Neuland
38,Dom,406792,Shuangqiao
82,Erasmus,994940,Bom Despacho
15,Andreana,422755,Yushikalasu
20,Donovan,517672,Bayangol
54,Ogdan,935372,Wudui
61,Grissel,172379,Demuk
18,Giffer,330685,Karangpocok
2,Cris,240794,Haitou
45,Glennie,107647,Olival Basto
59,Rora,152033,Qiaoxi
65,Faustina,638093,Kebonagung
55,Eli,855772,Vassouras
46,Emogene,352589,Savski Venac
47,Nye,259805,Samaro
34,Bryce,41144,Puerto Montt
69,Rosco,599131,Staraya Mayna
22,Angie,769628,Los Angeles
62,Corrinne,829524,Cauday
36,Margy,393471,Ukrainka
58,Cesare,690055,Riachão das Neves
92,Tina,794576,København
33,Jena,642260,Lazeshchyna
48,Cherlyn,292693,Sukadana Selatan
67,Gerhardt,354424,El Triunfo de la Cruz
34,Kevin,331924,Cleveland
44,Colby,494847,Kalávryta
83,Findlay,700125,Norfolk
82,Harman,620468,Notsé
60,Meriel,805705,Ninh Hòa
80,Ransell,851277,Tarkastad
79,Porty,539906,Caijiazha
10,Leeanne,716816,Sambuluan
80,Kenton,365012,Famaillá
1,Everett,847389,Maquiapo
73,Adam,482715,Dukhovnitskoye
74,Garner,422932,Lolodorf
76,Zackariah,779690,Katyuzhanka
8,Elisabetta,82716,Guaiúba
73,Gabrila,796966,Novyye Kuz’minki
57,Melamie,89293,Staryye Atagi
5,Kendal,656234,Pregradnoye
55,Lyndell,178171,San Juan
8,Celisse,218109,Capâo Bonito
30,Queenie,734221,Clones
24,Oralia,60733,Long Beluah
21,Lilyan,508934,Chyňava
51,Agneta,281385,Penghu
62,Grata,590736,Kakanj
62,Kerwin,149794,Protección
14,Barry,913588,Quintães
48,Dominique,890620,Cisarap
6,Zack,704527,Bulangan
77,Gearard,692354,San Diego
91,Pyotr,380097,Guanlu
38,Egon,682130,Além
17,Hartwell,564864,Sisŏphŏn
54,Kristan,527498,Igurubi
83,Zorana,393624,Bokat
44,Fernande,295886,Opatów
96,Kenna,759385,Bengtsfors
37,Gerty,736266,Springfield
51,Willy,493789,Dvůr Králové nad Labem
5,Kevyn,623730,Tawaran
41,Brit,770399,Honglin
75,Evered,470036,Usulután
83,Arnaldo,38491,Huotong
28,Jordana,631818,Thị Trấn Ngan Dừa
84,Bryant,260470,Zhangjiafang
27,Tiebold,676989,Torbay
89,Lebbie,785499,Jakubów
4,Raynell,61290,Gjegjan
11,Agatha,873640,Sijiu
28,Lil,140816,Xiangyang
26,Ugo,106673,Al Finţās
96,Shannon,700502,Longyearbyen
58,Emmett,355231,Dzagam
24,Consuela,408428,Divinópolis
64,Ava,44608,Sonsorol Village
30,Hillard,920796,Almeria
99,Nels,283112,Tiegai
99,Iris,909751,Ngadri
26,Annnora,109294,Maoqitun
21,Guillaume,172168,Imġarr
4,Gabi,730201,Bieto
84,Woodrow,606724,Concordia
71,Dell,743754,Dinggou
10,Carolan,546351,Nice
77,Carmelina,783238,Cipicung
17,Tabbie,220883,Azua
27,Barty,203953,Студеничани
43,Benjamin,996872,Woodford Hill
35,Burgess,806606,Tiên Phước
26,Gordon,437901,Daxi
78,Shir,366677,Lagangilang
86,Adolphus,623144,Daniëlskuil
90,Ambrosius,673230,Kobiernice
81,Godart,450537,Ganjiangtou
90,Ariana,26097,Bagikkedok Lauk
79,Neils,640664,Nnewi
90,Sebastiano,604765,Mezinovskiy
83,Tobe,298163,Huanza
63,Tadeas,569828,Baini
23,Janela,255599,Grojec
12,Alan,157912,Marly-le-Roi
55,Gian,127573,Almafuerte
17,Bernardina,958855,Krajan Satu
68,Alfie,551650,Străşeni
12,Silvio,350132,Piet Retief
52,Harrietta,145568,Tubod
25,Roseanna,676266,Oughterard
73,Alec,561183,La Esperanza
9,Maryl,219075,Vichuga
40,Chrissy,163258,Lokossa
32,Nicolas,484980,Nazaré
57,Marven,836546,Jianxin
12,Belia,596978,Bolian
77,Fitz,285379,Jinzhuang
16,Averyl,952429,Yishi
70,Piper,387538,Mabamba
87,Marylynne,879750,Saint-Lô
10,Noe,690098,Kanie
17,Vi,717733,Karang Kulon
76,Wandis,567042,Dondo
4,Alberto,282369,Nice
94,Conrado,638277,Dziemiany
39,Bondie,453751,Tseel
36,Monti,73729,Caseros
19,Antonetta,658448,Budapest
16,Zoe,102224,Kesabpur
100,Rozele,977497,Bobojong
37,Lauryn,39893,Rokiškis
34,Lindy,537822,Petaling Jaya
99,Arlen,141114,Apucarana
3,Nikos,221446,Piripiri
60,Danila,895750,Wenping
65,Jayme,812092,Pecoro
95,Rudolph,874190,Zhongbao
71,Halli,988170,Berat
87,Barbabas,184971,Silvares
15,Ivette,517562,Pentéli
45,Gavan,127724,Dzaoudzi
3,Carline,281418,Barretos
45,Mirelle,185852,Idi Rayeuk
56,Dino,201774,Baños
80,Rowland,133826,Kayu Agung
55,Heinrik,335752,Nangaroro
36,Kinny,557600,Maltahöhe
42,Demetri,997406,Yong’an
88,Sheilah,110715,Antonio Toledo Corro
64,Mycah,74679,Novo-Nikol’skoye
92,Mariejeanne,563017,Dahe
2,Waldon,562857,Utrecht (stad)
30,Shamus,663711,Cibungur
59,Kerwinn,670776,Nantang
86,Bendix,898370,Tengqiao
53,Martyn,141021,Sepanjang
28,Ferd,808847,Santa Marta de Penaguião
91,Desmond,469485,Jagodina
11,Germain,133980,Siteía
71,Katharyn,224427,Cát Bà
18,Katha,316304,Darpas
8,Gerry,603894,Vihāri
1,Kathleen,441866,Borda da Mata
49,Chrissy,639013,Donghai
54,Mac,637394,Purwokerto
84,Nap,433966,Dubovka
16,Port,519314,Лабуништа
52,Roxane,275317,Taramana
39,Alexine,107343,Senovo
8,Annette,960167,Bohicon
45,Mack,484853,Tortosendo
34,Claudette,991021,Novyy Starodub
85,Benny,663173,Usicayos
95,Shandee,367587,Laibin
3,Christel,74638,Dhankutā
66,Celie,645126,Oslo
7,Aigneis,649772,Prudentópolis
88,Mignon,683677,Las Vegas
9,Viv,975183,Semënov
9,Giorgi,114522,Laval
58,Heida,707802,Sastöbe
95,Darrin,526732,Loma Bonita
93,Patsy,384367,Kabankalan
56,Chuck,761347,Jarry
65,Juana,921119,Kendalrejo
57,Diann,845299,Concepción del Uruguay
12,Charlene,240558,Ejido
96,Ivor,137464,Nyahururu
38,Arabela,885082,Baleal
46,Garvey,68502,Kaloyanovo
51,Emmalynn,873477,Sierra Imataca
2,Mil,520842,Baiguan
4,Ursulina,525935,Amiens
91,Gardy,844815,Kumamoto
14,Edlin,420450,Grujugan
3,Thoma,322435,Vila Fria
69,Trey,229029,Liangguang
46,Natassia,761163,Copán
55,Persis,454493,Al Matūn
92,Ninette,885201,Nadi
20,Marcello,648991,Jinkou
57,Fancy,448389,Kahuripan
64,Chiquita,44093,Guandiping
60,Barny,97637,Newtown
78,Balduin,53629,Seremban
13,Desiree,766114,Meiktila
11,Revkah,738737,Maumbawa
40,Jud,489742,Sanski Most
15,Lenka,828542,Kalasin
60,Donalt,983540,Saint Helier
82,Aurilia,772310,Mākū
61,Mortimer,129744,Gusau
28,Barnett,973149,Logung
46,Moritz,395966,Saint-Avold
30,Adrea,409661,Veiga
100,Dreddy,915224,Huangbu
19,Jessalin,557885,Pýli
17,Megen,53038,Rio Real
32,Aldrich,314222,Salantai
81,Blithe,815269,Castanhal
73,Zaccaria,86827,Niutang
14,Burr,430431,Kut Chap
58,Gun,191012,Xianghu
90,Umeko,846103,Cihaur
93,Leeanne,295604,Zhelin
53,Arleyne,375082,Pyatnitskoye
37,Ollie,789384,Ipoh
76,Joann,883605,Żarki
32,Gregorio,254021,Guatire
23,Allayne,69044,Kubang
49,Eada,72061,Cangqian
74,Irvin,471009,Oldřišov
42,Olivero,526001,Hushaat
13,Daryl,357902,Szelków
16,Sybille,534749,Palguyod
15,Ellary,895904,Qalyūb
50,Gardy,664483,Longquan
45,Rolfe,446135,Chiquinquirá
67,Anjela,690162,Lat Lum Kaeo
65,Celene,335907,Gaoqiao
10,Moishe,929681,Xibin
60,Lilia,484863,Caldelas
67,Shawnee,260275,Sekarjalak
72,Seth,304639,Ilesa
65,Thaxter,178824,Santana do Livramento
84,Janith,52295,Bous
28,Flint,549081,Jawhar
96,Georgine,746885,Chixi
22,Teresa,130834,Nansheng
60,Aubrette,828212,Bijelo Polje
65,Margareta,314085,Nkhotakota
54,Coleman,911558,Köping
65,Jobie,28715,Cordova
59,Thea,472509,Norcasia
85,Grayce,75282,Marseille
44,Kimmie,261001,Alicia
96,Jo,440018,Villanueva
8,Tawnya,316845,Indianapolis
81,Oby,943764,Oropesa
66,Skippy,228316,Xianghu
81,Charley,94598,Daming
7,Delora,496586,Heredia
64,Corabella,710609,Curuzú Cuatiá
63,Donnie,571535,Tiflet
91,Cam,122579,Eg-Uur
27,Justine,285623,Lypnyazhka
58,Karleen,38728,Pore
82,Biron,963499,Hongsipu
53,Daron,632045,København
47,Dinnie,391750,Metz
64,Neel,530289,Ikeja
51,Rachelle,131962,Gines-Patay
61,Dominick,761979,Dhangarhi
33,Tommi,255163,Baz
39,Marchall,627156,Longju
42,Rebekah,341708,Bungabon
59,Kali,410620,Urek-urek
89,Lewes,597786,Xaysetha
82,Nollie,778348,Mapiri
81,Phyllis,512450,Šalovci
53,Jereme,979754,Langqi
73,Hunfredo,271010,Chantilly
59,Meggi,458776,Tío Pujio
73,Vassili,635500,Mar’’ina Horka
29,Hercules,871490,Zhenxi
84,Inglebert,241937,Sanyantang
56,Mile,231474,El Coco
72,Caresse,689499,Krenggan
51,Philippine,555285,Moyuan
42,Estel,791296,Santa Lucía Cotzumalguapa
84,Cherie,642584,Pandangan Kulon
97,Ana,947776,Wąsosz
40,Filbert,912502,Örgön
91,Culley,973062,Gradačac
29,Doyle,198808,Kuala Terengganu
22,Kippy,841586,Nyrkiv
76,Mercedes,414172,Ranambeling
17,Elisa,957790,Jamaica
2,Nappie,966796,Beaune
11,Yancey,275022,Verkhnyaya Toyma
26,Tamera,712783,Gąbin
57,Laney,150217,Debe
25,Stafani,351210,Gwangtan
84,Alika,922717,Przemyśl
100,Arlen,735634,Melchor de Mencos
60,Ford,42210,Valinhos
97,Charlene,997569,Carvalheira
42,Friedrich,592973,Bang Pa-in
26,Corrina,845127,Doba
45,Collie,41686,Harstad
53,Wendy,86011,Tuanlin
53,Heath,603847,Pajo
75,Merilee,461457,North Vancouver
32,Marie-ann,891093,Moyale
8,Kathryn,813642,Torre
53,Hanan,826501,Komyshany
67,Anderea,980060,Sopla
41,Casandra,76767,Tiko
1,Hobie,502376,Néos Mylótopos
92,Jud,366814,Jatirejo
90,Dallis,171862,Ambato
31,Betti,857117,Ar Rifā‘
84,Tarah,193506,Mokronog
75,Dante,958816,Sudo
82,Denny,390392,Sheksna
69,Wallace,711911,Querobamba
44,Gaby,28101,Yarumela
6,Sibelle,569452,Jombang
19,Veriee,845230,Takikawa
70,Othelia,22434,Huarong Chengguanzhen
62,Diandra,901044,Delson
20,Jean,568164,El Zapote
10,Birch,476668,Põltsamaa
33,Letizia,512738,Kuncen
84,Robinia,53670,Baicaogou
82,Loraine,617478,Čáslav
69,Milzie,773485,Gubeikou
87,Jessee,897878,Svrljig
16,Meta,397975,Trabulheira
27,Alain,59349,Gniechowice
46,Fern,47545,Gävle
7,Marylynne,825755,Tarata
8,Dannye,704331,Campoverde
92,Zaccaria,337592,Otavi
22,Marv,681832,Yanahuaya
4,Tobias,276621,Funaishikawa
88,Barthel,720035,Haninge
22,Roxine,376432,Horní Jiřetín
19,Hoyt,840080,Čair
33,Free,80222,La Virginia
37,Ashton,874435,Obuasi
97,Nev,704307,Grand Sable
8,George,776029,Xin’an
79,Tanya,48297,Sancha
35,Charline,190550,Marseille
62,Cliff,414629,Masis
54,Tamarah,670571,Nandaime
47,Carine,600608,Kukës
76,Towny,900704,Cardal
61,Carson,767430,Içara
7,Alasteir,911700,Argel
41,Zach,307990,Lunik
3,Myrle,85062,Rego de Água
24,Zaneta,855168,Porta
82,Tadeas,632842,Alīgūdarz
67,Reidar,173421,Illushi
77,Berke,937352,Malbork
12,Joey,818416,Székesfehérvár
71,Sari,526528,Yayao
61,Dilan,483129,Basista
17,Donia,737044,Klishkivtsi
78,Janek,149818,Yurimaguas
67,Nadean,685918,Mtimbira
68,Bari,548892,Téra
22,Pyotr,841534,Itako
54,Lindsey,636367,Banjiang
87,Noellyn,897172,Wairiang
43,Darrell,625535,Shentong
36,Eddy,469391,Montgomery
11,Adrianna,146770,Turku
36,Farand,467363,Laguna Limpia
98,Harald,263320,Nanfeng
26,Trish,889561,Dalkey
63,Gui,881723,Adelaide
71,Gabie,674809,Thị Trấn Quan Hóa
47,Regina,960848,Pudasjärvi
100,Moses,893774,San Mariano
62,Berry,893455,Situ
96,Chickie,461327,Sukamaju
44,Terrijo,170361,Ngantru
19,Mellisent,509396,Chvalšiny
32,Malena,926085,Bandungan Timur
25,Leroi,230714,Hexi
9,Hurleigh,239810,Kirove
60,Dare,458943,Kaga Bandoro
23,Rahel,303575,Nishor
59,Abby,263397,Midland
51,Derk,348513,Medianeira
14,Hanson,489577,Quy Đạt
94,Rich,289459,Taywanak Ilaya
5,Etty,892947,Yamethin
78,Joelle,258832,Dushu
60,Daveta,723592,Maddarulug Norte
96,Agustin,35668,Xiting
21,Sim,948550,Mongar
93,Greta,836456,Gayabaru
14,Evie,729972,Tangfang
88,Reba,845537,Seropédica
81,Elke,635200,Kashima
40,Goddard,805219,Benhong
63,Malcolm,222602,Lochovice
44,Emmott,296568,Dauriya
33,Nathaniel,325581,Portachuelo
70,Korrie,144662,Serra Talhada
